{
  "_fv": 39,
  "_type": "achievement",
  "definition": {
    "achievementName": "High",
    "achievementDescription": "Ascend",
    "achievementIcon": {
      "value": "CUSTOM:Sky"
    },
    "background": "Default",
    "disableDisplay": false,
    "showPopup": true,
    "announceToChat": true,
    "hideIfNotCompleted": false,
    "rewardLoot": [],
    "rewardRecipes": [],
    "rewardFunction": "No function",
    "rewardXP": 10,
    "achievementType": "task",
    "parent": {
      "value": "story/root"
    },
    "triggerxml": "<xml xmlns=\"https://developers.google.com/blockly/xml\"><block type=\"item_consumed\" x=\"42\" y=\"16\"><value name=\"item\"><block type=\"mcitem_all\"><field name=\"value\">CUSTOM:Weed</field></block></value><next><block type=\"advancement_trigger\" deletable=\"false\"></block></next></block></xml>"
  }
}