{
  "_fv": 39,
  "_type": "tool",
  "definition": {
    "renderType": 1,
    "texture": "katana_sword",
    "customModelName": "katana:default",
    "name": "Katana",
    "specialInfo": [],
    "creativeTab": {
      "value": "CUSTOM:Beyond"
    },
    "toolType": "Sword",
    "harvestLevel": 1,
    "efficiency": 4.0,
    "attackSpeed": 5.0,
    "enchantability": 2,
    "damageVsEntity": 2.0,
    "usageCount": 100,
    "blocksAffected": [],
    "hasGlow": false,
    "repairItems": [
      {
        "value": "Blocks.IRON_BARS"
      }
    ],
    "immuneToFire": false,
    "stayInGridWhenCrafting": false,
    "damageOnCrafting": false,
    "onRightClickedInAir": {
      "name": "KatanaRightclicked"
    },
    "onItemInUseTick": {
      "name": "KatanaToolInHandTick"
    }
  }
}