{
  "_fv": 39,
  "_type": "potioneffect",
  "definition": {
    "effectName": "Rage",
    "icon": "rage.png",
    "color": {
      "value": -65536,
      "falpha": 0.0
    },
    "isInstant": false,
    "isBad": true,
    "isBenefitical": true,
    "renderStatusInInventory": true,
    "renderStatusInHUD": true,
    "onStarted": {
      "name": "RageEffectStartedapplied"
    },
    "onActiveTick": {
      "name": "RageOnEffectActiveTick"
    },
    "onExpired": {
      "name": "RageEffectExpires"
    }
  }
}