{
  "_fv": 39,
  "_type": "potioneffect",
  "definition": {
    "effectName": "Roids",
    "icon": "roidedup.png",
    "color": {
      "value": -65332,
      "falpha": 0.0
    },
    "isInstant": false,
    "isBad": true,
    "isBenefitical": true,
    "renderStatusInInventory": true,
    "renderStatusInHUD": true,
    "onStarted": {
      "name": "RoidsEffectStartedapplied"
    },
    "onActiveTick": {
      "name": "RoidsOnEffectActiveTick"
    },
    "onExpired": {
      "name": "RoidsEffectExpires"
    }
  }
}