{
  "_fv": 39,
  "_type": "recipe",
  "definition": {
    "recipeType": "Crafting",
    "xpReward": 0.0,
    "cookingTime": 200,
    "recipeRetstackSize": 1,
    "group": "",
    "recipeShapeless": false,
    "recipeSlots": [
      {
        "value": "CUSTOM:Suspiciousplanks"
      },
      {
        "value": "Blocks.OBSIDIAN"
      },
      {
        "value": "CUSTOM:Suspiciousplanks"
      },
      {
        "value": "Blocks.OBSIDIAN"
      },
      {
        "value": "CUSTOM:Meth"
      },
      {
        "value": "Blocks.OBSIDIAN"
      },
      {
        "value": "CUSTOM:Suspiciousplanks"
      },
      {
        "value": "Blocks.OBSIDIAN"
      },
      {
        "value": "CUSTOM:Suspiciousplanks"
      }
    ],
    "recipeReturnStack": {
      "value": "CUSTOM:Stayoutofmyterritory"
    },
    "name": "stayoutofmyterritoryrecipe",
    "namespace": "mod"
  }
}