{
  "display": {
    "icon": {
      "item": "beyondmc:sky"
    },
    "title": {
      "translate": "advancements.high.title"
    },
    "description": {
      "translate": "advancements.high.descr"
    },
    "frame": "task",
    "show_toast": true,
    "announce_to_chat": true,
    "hidden": false
  },
  "criteria": {
    "high": {
      "trigger": "minecraft:consume_item",
      "conditions": {
        "item": {
          "items": [
            "beyondmc:weed"
          ]
        }
      }
    }
  },
  "rewards": {
    "experience": 10
  },
  "parent": "minecraft:story/root"
}