{
  "_fv": 34,
  "_type": "tool",
  "definition": {
    "renderType": 1,
    "texture": "prisgauntlet",
    "customModelName": "prismarinegauntlet:default",
    "name": "Prismarinegauntlet",
    "specialInfo": [],
    "creativeTab": {
      "value": "CUSTOM:Beyond"
    },
    "toolType": "Pickaxe",
    "harvestLevel": 1,
    "efficiency": 4.0,
    "attackSpeed": 100.0,
    "enchantability": 2,
    "damageVsEntity": 4.0,
    "usageCount": 100,
    "blocksAffected": [],
    "hasGlow": false,
    "repairItems": [
      {
        "value": "Items.PRISMARINE_CRYSTALS"
      }
    ],
    "immuneToFire": false,
    "stayInGridWhenCrafting": false,
    "damageOnCrafting": false,
    "onRightClickedInAir": {
      "name": "PrismarinegauntletRightclicked"
    },
    "onCrafted": {
      "name": "PrismarinegauntletItemIsCraftedsmelted"
    }
  }
}