{
  "_fv": 34,
  "_type": "recipe",
  "definition": {
    "recipeType": "Crafting",
    "xpReward": 0.0,
    "cookingTime": 200,
    "recipeRetstackSize": 1,
    "group": "",
    "recipeShapeless": false,
    "recipeSlots": [
      {
        "value": "Items.EMERALD"
      },
      {
        "value": "Items.EMERALD"
      },
      {
        "value": "Items.EMERALD"
      },
      {
        "value": "Blocks.PRISMARINE#1"
      },
      {
        "value": "CUSTOM:Core"
      },
      {
        "value": "Blocks.PRISMARINE#1"
      },
      {
        "value": "Blocks.PRISMARINE#2"
      },
      {
        "value": "Blocks.PRISMARINE#2"
      },
      {
        "value": "Blocks.PRISMARINE#2"
      }
    ],
    "recipeReturnStack": {
      "value": "CUSTOM:Prismarinegauntlet"
    },
    "name": "prismarinegauntletrecipe",
    "namespace": "mod"
  }
}