{
  "_fv": 39,
  "_type": "tool",
  "definition": {
    "renderType": 0,
    "texture": "meth_hammer",
    "customModelName": "Normal",
    "name": "Hammer",
    "specialInfo": [],
    "creativeTab": {
      "value": "CUSTOM:Beyond"
    },
    "toolType": "Axe",
    "harvestLevel": 2,
    "efficiency": 4.0,
    "attackSpeed": 1.0,
    "enchantability": 2,
    "damageVsEntity": 4.0,
    "usageCount": 100,
    "blocksAffected": [],
    "hasGlow": false,
    "repairItems": [
      {
        "value": "Items.IRON_INGOT"
      }
    ],
    "immuneToFire": false,
    "stayInGridWhenCrafting": false,
    "damageOnCrafting": false
  }
}