{
  "_fv": 39,
  "_type": "achievement",
  "definition": {
    "achievementName": "Higher",
    "achievementDescription": "Can we get much higher?",
    "achievementIcon": {
      "value": "CUSTOM:Space"
    },
    "background": "Default",
    "disableDisplay": false,
    "showPopup": true,
    "announceToChat": true,
    "hideIfNotCompleted": false,
    "rewardLoot": [],
    "rewardRecipes": [],
    "rewardFunction": "No function",
    "rewardXP": 10,
    "achievementType": "task",
    "parent": {
      "value": "CUSTOM:High"
    },
    "triggerxml": "<xml xmlns=\"https://developers.google.com/blockly/xml\"><block type=\"custom_trigger\" x=\"41\" y=\"40\"><next><block type=\"advancement_trigger\" deletable=\"false\"></block></next></block></xml>"
  }
}