{
  "type": "minecraft:block",
  "pools": [
    {
      "rolls": {
        "min": 3,
        "max": 5
      },
      "entries": [
        {
          "type": "minecraft:item",
          "name": "beyondmc:cocain",
          "weight": 1,
          "conditions": [
            {
              "condition": "minecraft:inverted",
              "term": {
                "condition": "minecraft:match_tool",
                "predicate": {
                  "enchantments": [
                    {
                      "enchantment": "minecraft:silk_touch",
                      "levels": {
                        "min": 1
                      }
                    }
                  ]
                }
              }
            }
          ],
          "functions": [
            {
              "function": "set_count",
              "count": {
                "min": 1,
                "max": 1
              }
            }
          ]
        },
        {
          "type": "minecraft:item",
          "name": "beyondmc:suspiciouspowder",
          "weight": 1,
          "conditions": [
            {
              "condition": "minecraft:inverted",
              "term": {
                "condition": "minecraft:match_tool",
                "predicate": {
                  "enchantments": [
                    {
                      "enchantment": "minecraft:silk_touch",
                      "levels": {
                        "min": 1
                      }
                    }
                  ]
                }
              }
            }
          ],
          "functions": [
            {
              "function": "set_count",
              "count": {
                "min": 1,
                "max": 1
              }
            },
            {
              "function": "minecraft:apply_bonus",
              "enchantment": "minecraft:fortune",
              "formula": "minecraft:ore_drops"
            }
          ]
        }
      ]
    }
  ]
}