{
	"credit": "Made with Blockbench",
	"textures": {
		"3": "gauntlet1",
		"4": "gauntlet2",
		"5": "gauntlet3"
	},
	"elements": [
		{
			"name": "base",
			"from": [5.35, 0, 5.55],
			"to": [10.75, 2.4, 10.95],
			"rotation": {"angle": 0, "axis": "y", "origin": [-1.6, 0, -1.6]},
			"faces": {
				"north": {"uv": [5, 6, 10, 8], "texture": "#5"},
				"east": {"uv": [5, 0, 10, 2], "texture": "#5"},
				"south": {"uv": [5, 2, 10, 4], "texture": "#5"},
				"west": {"uv": [5, 4, 10, 6], "texture": "#5"},
				"up": {"uv": [10, 4, 5, 0], "rotation": 90, "texture": "#4"},
				"down": {"uv": [5, 5, 0, 10], "rotation": 270, "texture": "#5"}
			}
		},
		{
			"name": "fist",
			"from": [5.35, 3.6, 5.55],
			"to": [10.75, 8.4, 10.95],
			"rotation": {"angle": 0, "axis": "y", "origin": [-1.6, 0, -1.6]},
			"faces": {
				"north": {"uv": [0, 6, 2.5, 8], "texture": "#3"},
				"east": {"uv": [3, 0, 5.5, 2], "texture": "#3"},
				"south": {"uv": [3, 2.5, 5.5, 4.5], "texture": "#3"},
				"west": {"uv": [3, 5, 5.5, 7], "texture": "#3"},
				"up": {"uv": [2.5, 2.5, 0, 0], "rotation": 90, "texture": "#3"},
				"down": {"uv": [9.5, 0, 7, 2.5], "rotation": 270, "texture": "#4"}
			}
		},
		{
			"from": [5.7, 2.4, 5.9],
			"to": [10.35, 3.6, 10.6],
			"rotation": {"angle": 0, "axis": "y", "origin": [-1.6, 0, -1.6]},
			"faces": {
				"north": {"uv": [5, 6, 9, 8], "texture": "#4"},
				"east": {"uv": [5, 0, 10, 2], "texture": "#4"},
				"south": {"uv": [5, 4, 9, 6], "texture": "#4"},
				"west": {"uv": [5, 2, 10, 4], "texture": "#4"},
				"up": {"uv": [10, 4, 5, 0], "rotation": 90, "texture": "#4"},
				"down": {"uv": [10, 0, 5, 4], "rotation": 270, "texture": "#4"}
			}
		}
	],
	"display": {
		"thirdperson_righthand": {
			"rotation": [-89.5, 0, 0],
			"translation": [0, -2.25, -1.25]
		},
		"thirdperson_lefthand": {
			"rotation": [91.62, -1.17, -179.41],
			"translation": [0.25, -1.75, -1]
		},
		"firstperson_righthand": {
			"rotation": [-35.85, -74.82, -13.79],
			"translation": [1.25, 5.75, -2.5]
		},
		"firstperson_lefthand": {
			"rotation": [-168.95, 75.15, 161.03],
			"translation": [-0.5, 6.75, 0]
		},
		"ground": {
			"translation": [0, 4.25, 0]
		},
		"gui": {
			"rotation": [0, -90, 0],
			"translation": [1, 3.25, 0]
		},
		"fixed": {
			"rotation": [0, 90, 0],
			"translation": [-0.25, 4.25, -2.5]
		}
	},
	"groups": [
		{
			"name": "group",
			"origin": [8, 8, 8],
			"color": 0,
			"children": []
		},
		0,
		1,
		2
	]
}