{
  "credit": "Made with Blockbench",
  "elements": [
    {
      "name": "Handle",
      "from": [
        7.6,
        0,
        7.4
      ],
      "to": [
        8.6,
        7,
        8.4
      ],
      "faces": {
        "north": {
          "uv": [
            0,
            0,
            1,
            7
          ],
          "texture": "#2"
        },
        "east": {
          "uv": [
            1,
            0,
            2,
            7
          ],
          "texture": "#2"
        },
        "south": {
          "uv": [
            2,
            0,
            3,
            7
          ],
          "texture": "#2"
        },
        "west": {
          "uv": [
            3,
            0,
            4,
            7
          ],
          "texture": "#2"
        },
        "up": {
          "uv": [
            5,
            1,
            4,
            0
          ],
          "texture": "#2"
        },
        "down": {
          "uv": [
            5,
            1,
            4,
            2
          ],
          "texture": "#2"
        }
      }
    },
    {
      "name": "Handle2",
      "from": [
        7,
        7,
        7
      ],
      "to": [
        9,
        8,
        9
      ],
      "faces": {
        "north": {
          "uv": [
            2,
            0,
            4,
            1
          ],
          "texture": "#1"
        },
        "east": {
          "uv": [
            2,
            1,
            4,
            2
          ],
          "texture": "#1"
        },
        "south": {
          "uv": [
            2,
            2,
            4,
            3
          ],
          "texture": "#1"
        },
        "west": {
          "uv": [
            2,
            3,
            4,
            4
          ],
          "texture": "#1"
        },
        "up": {
          "uv": [
            2,
            2,
            0,
            0
          ],
          "texture": "#1"
        },
        "down": {
          "uv": [
            2,
            2,
            0,
            4
          ],
          "texture": "#1"
        }
      }
    },
    {
      "name": "Blade",
      "from": [
        7.6,
        8,
        7.4
      ],
      "to": [
        8.6,
        26,
        8.4
      ],
      "faces": {
        "north": {
          "uv": [
            0,
            0,
            0.5,
            9
          ],
          "texture": "#0"
        },
        "east": {
          "uv": [
            0.5,
            0,
            1,
            9
          ],
          "texture": "#0"
        },
        "south": {
          "uv": [
            1,
            0,
            1.5,
            9
          ],
          "texture": "#0"
        },
        "west": {
          "uv": [
            1.5,
            0,
            2,
            9
          ],
          "texture": "#0"
        },
        "up": {
          "uv": [
            2.5,
            0.5,
            2,
            0
          ],
          "texture": "#0"
        },
        "down": {
          "uv": [
            2.5,
            0.5,
            2,
            1
          ],
          "texture": "#0"
        }
      }
    }
  ],
  "display": {
    "thirdperson_righthand": {
      "translation": [
        0,
        1.75,
        1.75
      ]
    }
  }
}