{
  "_fv": 34,
  "_type": "tool",
  "definition": {
    "renderType": 0,
    "texture": "susknife",
    "customModelName": "Normal",
    "name": "Susknife",
    "specialInfo": [],
    "creativeTab": {
      "value": "CUSTOM:Beyond"
    },
    "toolType": "Sword",
    "harvestLevel": 1,
    "efficiency": 4.0,
    "attackSpeed": 5.0,
    "enchantability": 2,
    "damageVsEntity": 1.0,
    "usageCount": 100,
    "blocksAffected": [],
    "hasGlow": false,
    "repairItems": [],
    "immuneToFire": false,
    "stayInGridWhenCrafting": false,
    "damageOnCrafting": false
  }
}