{
  "credit": "Made with Blockbench",
  "elements": [
    {
      "from": [
        7.5,
        0,
        7.5
      ],
      "to": [
        8.5,
        1,
        8.5
      ],
      "faces": {
        "north": {
          "uv": [
            0,
            0,
            1,
            1
          ],
          "texture": "#0"
        },
        "east": {
          "uv": [
            0,
            1,
            1,
            2
          ],
          "texture": "#0"
        },
        "south": {
          "uv": [
            1,
            0,
            2,
            1
          ],
          "texture": "#0"
        },
        "west": {
          "uv": [
            1,
            1,
            2,
            2
          ],
          "texture": "#0"
        },
        "up": {
          "uv": [
            1,
            3,
            0,
            2
          ],
          "texture": "#0"
        },
        "down": {
          "uv": [
            3,
            0,
            2,
            1
          ],
          "texture": "#0"
        }
      }
    }
  ],
  "display": {
    "thirdperson_righthand": {
      "translation": [
        -0.5,
        8,
        1.5
      ]
    }
  }
}