{
  "type": "minecraft:crafting_shaped",
  "pattern": [
    "012",
    "345",
    "6  "
  ],
  "key": {
    "0": {
      "item": "minecraft:iron_ingot"
    },
    "1": {
      "item": "minecraft:iron_ingot"
    },
    "2": {
      "item": "minecraft:iron_ingot"
    },
    "3": {
      "item": "minecraft:stick"
    },
    "4": {
      "item": "minecraft:iron_block"
    },
    "5": {
      "item": "minecraft:iron_block"
    },
    "6": {
      "item": "minecraft:stick"
    }
  },
  "result": {
    "item": "beyondmc:pistol",
    "count": 1
  }
}