{
  "_fv": 34,
  "_type": "potioneffect",
  "definition": {
    "effectName": "Leaning",
    "icon": "leaning.png",
    "color": {
      "value": -65281,
      "falpha": 0.0
    },
    "isInstant": false,
    "isBad": true,
    "isBenefitical": true,
    "renderStatusInInventory": true,
    "renderStatusInHUD": true,
    "onStarted": {
      "name": "LeaningEffectStartedapplied"
    },
    "onActiveTick": {
      "name": "LeaningOnEffectActiveTick"
    },
    "onExpired": {
      "name": "LeaningEffectExpires"
    }
  }
}