{
  "_fv": 34,
  "_type": "rangeditem",
  "definition": {
    "renderType": 1,
    "texture": "pistolicon",
    "customModelName": "pistol:default",
    "name": "Pistol",
    "specialInfo": [
      "It's your right"
    ],
    "creativeTab": {
      "value": "CUSTOM:Beyond"
    },
    "stackSize": 1,
    "ammoItem": {
      "value": "Items.IRON_INGOT"
    },
    "shootConstantly": true,
    "usageCount": 100,
    "actionSound": {
      "value": "CUSTOM:pistolsound"
    },
    "hasGlow": false,
    "animation": "crossbow",
    "enableMeleeDamage": false,
    "damageVsEntity": 0.5,
    "bulletPower": 2.0,
    "bulletDamage": 1.0,
    "bulletKnockback": 0,
    "bulletParticles": true,
    "bulletIgnitesFire": false,
    "bulletItemTexture": {
      "value": "Items.IRON_NUGGET"
    },
    "bulletModel": "Default",
    "customBulletModelTexture": "bullettexture1.png"
  }
}