{
  "format_version": "1.12.0",
  "minecraft:geometry": [
    {
      "description": {
        "identifier": "geometry.unknown",
        "texture_width": 64,
        "texture_height": 64,
        "visible_bounds_width": 2,
        "visible_bounds_height": 2.5,
        "visible_bounds_offset": [
          0,
          0.75,
          0
        ]
      },
      "bones": [
        {
          "name": "animation",
          "pivot": [
            0,
            0,
            0
          ]
        },
        {
          "name": "head",
          "parent": "animation",
          "pivot": [
            0,
            0,
            0
          ],
          "cubes": [
            {
              "origin": [
                -4,
                15,
                -3
              ],
              "size": [
                8,
                8,
                6
              ],
              "uv": [
                0,
                0
              ]
            }
          ]
        },
        {
          "name": "l_ear",
          "parent": "animation",
          "pivot": [
            0,
            0,
            0
          ],
          "cubes": [
            {
              "origin": [
                -6,
                16,
                -1
              ],
              "size": [
                2,
                6,
                2
              ],
              "uv": [
                44,
                14
              ]
            }
          ]
        },
        {
          "name": "r_ear",
          "parent": "animation",
          "pivot": [
            0,
            0,
            0
          ],
          "cubes": [
            {
              "origin": [
                4,
                16,
                -1
              ],
              "size": [
                2,
                6,
                2
              ],
              "uv": [
                44,
                6
              ]
            }
          ]
        },
        {
          "name": "l_leg",
          "parent": "animation",
          "pivot": [
            0,
            0,
            0
          ],
          "cubes": [
            {
              "origin": [
                -4,
                0,
                -1
              ],
              "size": [
                3,
                6,
                2
              ],
              "uv": [
                28,
                8
              ]
            }
          ]
        },
        {
          "name": "r_leg",
          "parent": "animation",
          "pivot": [
            0,
            0,
            0
          ],
          "cubes": [
            {
              "origin": [
                1,
                0,
                -1
              ],
              "size": [
                3,
                6,
                2
              ],
              "uv": [
                28,
                0
              ]
            }
          ]
        },
        {
          "name": "body",
          "parent": "animation",
          "pivot": [
            0,
            0,
            0
          ],
          "cubes": [
            {
              "origin": [
                -5,
                6,
                -2
              ],
              "size": [
                10,
                9,
                4
              ],
              "uv": [
                0,
                14
              ]
            }
          ]
        },
        {
          "name": "l_arm",
          "parent": "animation",
          "pivot": [
            0,
            0,
            0
          ],
          "cubes": [
            {
              "origin": [
                -7,
                6,
                -1
              ],
              "size": [
                2,
                8,
                2
              ],
              "uv": [
                8,
                27
              ]
            }
          ]
        },
        {
          "name": "r_arm",
          "parent": "animation",
          "pivot": [
            0,
            0,
            0
          ],
          "cubes": [
            {
              "origin": [
                5,
                6,
                -1
              ],
              "size": [
                2,
                8,
                2
              ],
              "uv": [
                0,
                27
              ]
            }
          ]
        },
        {
          "name": "backpack",
          "parent": "animation",
          "pivot": [
            0,
            0,
            0
          ],
          "cubes": [
            {
              "origin": [
                -4,
                7,
                2
              ],
              "size": [
                8,
                8,
                3
              ],
              "uv": [
                25,
                24
              ]
            }
          ]
        }
      ]
    }
  ]
}