{
  "credit": "Made with Blockbench",
  "parent": "pistol",
  "elements": [
    {
      "name": "handle",
      "from": [
        7,
        0,
        11
      ],
      "to": [
        9,
        5,
        13
      ],
      "faces": {
        "north": {
          "uv": [
            0,
            0,
            2,
            5
          ],
          "texture": "#0"
        },
        "east": {
          "uv": [
            2,
            0,
            4,
            5
          ],
          "texture": "#0"
        },
        "south": {
          "uv": [
            4,
            0,
            6,
            5
          ],
          "texture": "#0"
        },
        "west": {
          "uv": [
            0,
            5,
            2,
            10
          ],
          "texture": "#0"
        },
        "up": {
          "uv": [
            4,
            7,
            2,
            5
          ],
          "texture": "#0"
        },
        "down": {
          "uv": [
            6,
            5,
            4,
            7
          ],
          "texture": "#0"
        }
      }
    },
    {
      "name": "barrel",
      "from": [
        6.7,
        5,
        4
      ],
      "to": [
        9.4,
        6,
        13
      ],
      "faces": {
        "north": {
          "uv": [
            6,
            2,
            9,
            3
          ],
          "texture": "#1"
        },
        "east": {
          "uv": [
            6,
            0,
            15,
            1
          ],
          "texture": "#1"
        },
        "south": {
          "uv": [
            6,
            3,
            9,
            4
          ],
          "texture": "#1"
        },
        "west": {
          "uv": [
            6,
            1,
            15,
            2
          ],
          "texture": "#1"
        },
        "up": {
          "uv": [
            3,
            9,
            0,
            0
          ],
          "texture": "#1"
        },
        "down": {
          "uv": [
            6,
            0,
            3,
            9
          ],
          "texture": "#1"
        }
      }
    },
    {
      "name": "barrel2",
      "from": [
        6.7,
        6,
        3.8
      ],
      "to": [
        9.4,
        7,
        13.2
      ],
      "faces": {
        "north": {
          "uv": [
            6,
            2,
            9,
            3
          ],
          "texture": "#2"
        },
        "east": {
          "uv": [
            6,
            0,
            15,
            1
          ],
          "texture": "#2"
        },
        "south": {
          "uv": [
            6,
            3,
            9,
            4
          ],
          "texture": "#2"
        },
        "west": {
          "uv": [
            6,
            1,
            15,
            2
          ],
          "texture": "#2"
        },
        "up": {
          "uv": [
            3,
            9,
            0,
            0
          ],
          "texture": "#2"
        },
        "down": {
          "uv": [
            6,
            0,
            3,
            9
          ],
          "texture": "#2"
        }
      }
    },
    {
      "name": "hammer",
      "from": [
        7,
        5,
        13
      ],
      "to": [
        9,
        6,
        14
      ],
      "faces": {
        "north": {
          "uv": [
            0,
            0,
            2,
            1
          ],
          "texture": "#3"
        },
        "east": {
          "uv": [
            2,
            1,
            3,
            2
          ],
          "texture": "#3"
        },
        "south": {
          "uv": [
            0,
            1,
            2,
            2
          ],
          "texture": "#3"
        },
        "west": {
          "uv": [
            2,
            2,
            3,
            3
          ],
          "texture": "#3"
        },
        "up": {
          "uv": [
            2,
            3,
            0,
            2
          ],
          "texture": "#3"
        },
        "down": {
          "uv": [
            4,
            0,
            2,
            1
          ],
          "texture": "#3"
        }
      }
    },
    {
      "name": "trigger",
      "from": [
        7.5,
        4,
        10
      ],
      "to": [
        8.5,
        5,
        11
      ],
      "faces": {
        "north": {
          "uv": [
            0,
            0,
            1,
            1
          ],
          "texture": "#4"
        },
        "east": {
          "uv": [
            0,
            1,
            1,
            2
          ],
          "texture": "#4"
        },
        "south": {
          "uv": [
            1,
            0,
            2,
            1
          ],
          "texture": "#4"
        },
        "west": {
          "uv": [
            1,
            1,
            2,
            2
          ],
          "texture": "#4"
        },
        "up": {
          "uv": [
            1,
            3,
            0,
            2
          ],
          "texture": "#4"
        },
        "down": {
          "uv": [
            3,
            0,
            2,
            1
          ],
          "texture": "#4"
        }
      }
    }
  ],
  "display": {
    "thirdperson_righthand": {
      "translation": [
        0,
        3.5,
        -2.5
      ]
    },
    "firstperson_righthand": {
      "translation": [
        -1.5,
        7.5,
        -1
      ]
    },
    "gui": {
      "rotation": [
        0,
        -90,
        0
      ],
      "translation": [
        1.75,
        4,
        0
      ]
    }
  }
}