{
	"format_version": "1.8.0",
	"animations": {
		"walk": {
			"animation_length": 3,
			"bones": {
				"l_leg": {
					"position": {
						"0.0": {
							"vector": [0, 0, 0]
						},
						"0.5": {
							"vector": [0, 0, -1]
						},
						"1.0": {
							"vector": [0, 0, -2]
						},
						"1.5": {
							"vector": [0, 0, -1]
						},
						"2.0": {
							"vector": [0, 0, 0]
						}
					}
				},
				"r_leg": {
					"position": {
						"0.0": {
							"vector": [0, 0, 0]
						},
						"1.5": {
							"vector": [0, 0, -1]
						},
						"2.0": {
							"vector": [0, 0, -2]
						},
						"2.5417": {
							"vector": [0, 0, -1]
						},
						"3.0": {
							"vector": [0, 0, 0]
						}
					}
				}
			}
		},
		"idle": {
			"loop": true,
			"animation_length": 3,
			"bones": {
				"l_ear": {
					"rotation": {
						"1.0": {
							"vector": [-5, 0, 0]
						},
						"2.0": {
							"vector": [5, 0, 0]
						},
						"3.0": {
							"vector": [-5, 0, 0]
						}
					}
				},
				"r_ear": {
					"rotation": {
						"1.0": {
							"vector": [-5, 0, 0]
						},
						"2.0": {
							"vector": [5, 0, 0]
						},
						"3.0": {
							"vector": [-5, 0, 0]
						}
					}
				}
			}
		}
	}
}